x,y
-10,-671
-9.99,-669.1316995
-9.98,-667.266796
-9.97,-665.4052865000002
-9.96,-663.5471680000002
-9.950000000000001,-661.6924375000002
-9.940000000000001,-659.8410920000002
-9.930000000000001,-657.9931285000004
-9.920000000000002,-656.1485440000004
-9.910000000000002,-654.3073355000004
-9.900000000000002,-652.4695000000004
-9.890000000000002,-650.6350345000004
-9.880000000000003,-648.8039360000005
-9.870000000000003,-646.9762015000005
-9.860000000000003,-645.1518280000005
-9.850000000000003,-643.3308125000005
-9.840000000000003,-641.5131520000007
-9.830000000000004,-639.6988435000006
-9.820000000000004,-637.8878840000007
-9.810000000000004,-636.0802705000007
-9.800000000000004,-634.2760000000009
-9.790000000000004,-632.4750695000008
-9.780000000000005,-630.6774760000009
-9.770000000000005,-628.8832165000008
-9.760000000000005,-627.092288000001
-9.750000000000005,-625.3046875000009
-9.740000000000006,-623.520412000001
-9.730000000000006,-621.739458500001
-9.720000000000006,-619.9618240000011
-9.710000000000006,-618.1875055000012
-9.700000000000006,-616.4165000000011
-9.690000000000007,-614.6488045000011
-9.680000000000007,-612.8844160000012
-9.670000000000007,-611.1233315000013
-9.660000000000007,-609.3655480000012
-9.650000000000007,-607.6110625000013
-9.640000000000008,-605.8598720000012
-9.630000000000008,-604.1119735000015
-9.620000000000008,-602.3673640000014
-9.610000000000008,-600.6260405000014
-9.600000000000009,-598.8880000000014
-9.590000000000009,-597.1532395000015
-9.580000000000009,-595.4217560000016
-9.57000000000001,-593.6935465000015
-9.56000000000001,-591.9686080000016
-9.55000000000001,-590.2469375000018
-9.54000000000001,-588.5285320000017
-9.53000000000001,-586.8133885000017
-9.52000000000001,-585.1015040000017
-9.51000000000001,-583.3928755000018
-9.50000000000001,-581.6875000000018
-9.49000000000001,-579.9853745000019
-9.480000000000011,-578.2864960000019
-9.470000000000011,-576.5908615000019
-9.460000000000012,-574.898468000002
-9.450000000000012,-573.2093125000019
-9.440000000000012,-571.523392000002
-9.430000000000012,-569.840703500002
-9.420000000000012,-568.1612440000022
-9.410000000000013,-566.4850105000021
-9.400000000000013,-564.8120000000022
-9.390000000000013,-563.1422095000021
-9.380000000000013,-561.4756360000023
-9.370000000000013,-559.8122765000022
-9.360000000000014,-558.1521280000023
-9.350000000000014,-556.4951875000022
-9.340000000000014,-554.8414520000023
-9.330000000000014,-553.1909185000025
-9.320000000000014,-551.5435840000024
-9.310000000000015,-549.8994455000025
-9.300000000000015,-548.2585000000024
-9.290000000000015,-546.6207445000025
-9.280000000000015,-544.9861760000025
-9.270000000000016,-543.3547915000025
-9.260000000000016,-541.7265880000026
-9.250000000000016,-540.1015625000026
-9.240000000000016,-538.4797120000027
-9.230000000000016,-536.8610335000027
-9.220000000000017,-535.2455240000027
-9.210000000000017,-533.6331805000027
-9.200000000000017,-532.0240000000027
-9.190000000000017,-530.4179795000027
-9.180000000000017,-528.8151160000028
-9.170000000000018,-527.2154065000028
-9.160000000000018,-525.6188480000029
-9.150000000000018,-524.0254375000029
-9.140000000000018,-522.4351720000029
-9.130000000000019,-520.848048500003
-9.120000000000019,-519.264064000003
-9.110000000000019,-517.683215500003
-9.10000000000002,-516.105500000003
-9.09000000000002,-514.530914500003
-9.08000000000002,-512.959456000003
-9.07000000000002,-511.3911215000031
-9.06000000000002,-509.8259080000031
-9.05000000000002,-508.26381250000316
-9.04000000000002,-506.70483200000314
-9.03000000000002,-505.1489635000032
-9.020000000000021,-503.59620400000324
-9.010000000000021,-502.04655050000326
-9.000000000000021,-500.50000000000335
-8.990000000000022,-498.9565495000033
-8.980000000000022,-497.4161960000033
-8.970000000000022,-495.8789365000033
-8.960000000000022,-494.3447680000034
-8.950000000000022,-492.81368750000337
-8.940000000000023,-491.28569200000345
-8.930000000000023,-489.7607785000034
-8.920000000000023,-488.2389440000035
-8.910000000000023,-486.72018550000354
-8.900000000000023,-485.2045000000036
-8.890000000000024,-483.69188450000354
-8.880000000000024,-482.1823360000036
-8.870000000000024,-480.6758515000036
-8.860000000000024,-479.17242800000366
-8.850000000000025,-477.6720625000037
-8.840000000000025,-476.17475200000365
-8.830000000000025,-474.68049350000376
-8.820000000000025,-473.18928400000374
-8.810000000000025,-471.70112050000375
-8.800000000000026,-470.21600000000376
-8.790000000000026,-468.7339195000039
-8.780000000000026,-467.25487600000383
-8.770000000000026,-465.7788665000039
-8.760000000000026,-464.3058880000039
-8.750000000000027,-462.8359375000039
-8.740000000000027,-461.3690120000039
-8.730000000000027,-459.90510850000396
-8.720000000000027,-458.444224000004
-8.710000000000027,-456.9863555000039
-8.700000000000028,-455.53150000000403
-8.690000000000028,-454.0796545000041
-8.680000000000028,-452.6308160000041
-8.670000000000028,-451.1849815000041
-8.660000000000029,-449.7421480000041
-8.650000000000029,-448.3023125000041
-8.640000000000029,-446.86547200000416
-8.63000000000003,-445.4316235000042
-8.62000000000003,-444.00076400000427
-8.61000000000003,-442.57289050000423
-8.60000000000003,-441.1480000000043
-8.59000000000003,-439.72608950000426
-8.58000000000003,-438.30715600000434
-8.57000000000003,-436.89119650000424
-8.56000000000003,-435.4782080000043
-8.550000000000031,-434.06818750000434
-8.540000000000031,-432.6611320000044
-8.530000000000031,-431.2570385000044
-8.520000000000032,-429.8559040000044
-8.510000000000032,-428.45772550000447
-8.500000000000032,-427.06250000000443
-8.490000000000032,-425.6702245000045
-8.480000000000032,-424.2808960000045
-8.470000000000033,-422.8945115000045
-8.460000000000033,-421.5110680000045
-8.450000000000033,-420.1305625000046
-8.440000000000033,-418.75299200000455
-8.430000000000033,-417.3783535000046
-8.420000000000034,-416.0066440000046
-8.410000000000034,-414.63786050000465
-8.400000000000034,-413.27200000000465
-8.390000000000034,-411.9090595000047
-8.380000000000035,-410.54903600000466
-8.370000000000035,-409.1919265000047
-8.360000000000035,-407.8377280000047
-8.350000000000035,-406.48643750000474
-8.340000000000035,-405.1380520000048
-8.330000000000036,-403.7925685000048
-8.320000000000036,-402.4499840000048
-8.310000000000036,-401.11029550000484
-8.300000000000036,-399.7735000000049
-8.290000000000036,-398.4395945000049
-8.280000000000037,-397.10857600000486
-8.270000000000037,-395.7804415000049
-8.260000000000037,-394.4551880000049
-8.250000000000037,-393.1328125000049
-8.240000000000038,-391.8133120000049
-8.230000000000038,-390.49668350000496
-8.220000000000038,-389.18292400000496
-8.210000000000038,-387.872030500005
-8.200000000000038,-386.564000000005
-8.190000000000039,-385.258829500005
-8.180000000000039,-383.956516000005
-8.170000000000039,-382.65705650000507
-8.16000000000004,-381.360448000005
-8.15000000000004,-380.0666875000051
-8.14000000000004,-378.77577200000513
-8.13000000000004,-377.4876985000052
-8.12000000000004,-376.2024640000052
-8.11000000000004,-374.9200655000052
-8.10000000000004,-373.64050000000515
-8.09000000000004,-372.36376450000523
-8.080000000000041,-371.0898560000052
-8.070000000000041,-369.81877150000514
-8.060000000000041,-368.55050800000527
-8.050000000000042,-367.2850625000052
-8.040000000000042,-366.02243200000527
-8.030000000000042,-364.7626135000053
-8.020000000000042,-363.50560400000535
-8.010000000000042,-362.2514005000053
-8.000000000000043,-361.00000000000534
-7.990000000000043,-359.75139950000533
-7.980000000000043,-358.50559600000537
-7.970000000000043,-357.26258650000534
-7.9600000000000435,-356.0223680000054
-7.950000000000044,-354.7849375000054
-7.940000000000044,-353.5502920000054
-7.930000000000044,-352.3184285000054
-7.920000000000044,-351.08934400000544
-7.9100000000000446,-349.8630355000055
-7.900000000000045,-348.63950000000546
-7.890000000000045,-347.4187345000055
-7.880000000000045,-346.20073600000546
-7.870000000000045,-344.9855015000055
-7.860000000000046,-343.7730280000055
-7.850000000000046,-342.56331250000557
-7.840000000000046,-341.35635200000553
-7.830000000000046,-340.1521435000056
-7.8200000000000465,-338.9506840000056
-7.810000000000047,-337.7519705000056
-7.800000000000047,-336.55600000000555
-7.790000000000047,-335.36276950000564
-7.780000000000047,-334.17227600000564
-7.7700000000000475,-332.9845165000056
-7.760000000000048,-331.7994880000056
-7.750000000000048,-330.6171875000057
-7.740000000000048,-329.4376120000057
-7.730000000000048,-328.26075850000564
-7.720000000000049,-327.0866240000057
-7.710000000000049,-325.9152055000057
-7.700000000000049,-324.7465000000057
-7.690000000000049,-323.5805045000057
-7.6800000000000495,-322.41721600000574
-7.67000000000005,-321.25663150000577
-7.66000000000005,-320.0987480000058
-7.65000000000005,-318.9435625000058
-7.64000000000005,-317.7910720000058
-7.6300000000000505,-316.6412735000058
-7.620000000000051,-315.49416400000587
-7.610000000000051,-314.34974050000585
-7.600000000000051,-313.2080000000059
-7.590000000000051,-312.06893950000585
-7.580000000000052,-310.93255600000583
-7.570000000000052,-309.7988465000059
-7.560000000000052,-308.66780800000583
-7.550000000000052,-307.5394375000059
-7.540000000000052,-306.4137320000059
-7.530000000000053,-305.2906885000059
-7.520000000000053,-304.1703040000059
-7.510000000000053,-303.05257550000596
-7.500000000000053,-301.9375000000059
-7.4900000000000535,-300.82507450000594
-7.480000000000054,-299.71529600000594
-7.470000000000054,-298.608161500006
-7.460000000000054,-297.503668000006
-7.450000000000054,-296.40181250000603
-7.440000000000055,-295.30259200000603
-7.430000000000055,-294.206003500006
-7.420000000000055,-293.112044000006
-7.410000000000055,-292.020710500006
-7.400000000000055,-290.93200000000604
-7.390000000000056,-289.845909500006
-7.380000000000056,-288.76243600000606
-7.370000000000056,-287.68157650000603
-7.360000000000056,-286.60332800000606
-7.3500000000000565,-285.5276875000061
-7.340000000000057,-284.4546520000061
-7.330000000000057,-283.38421850000606
-7.320000000000057,-282.3163840000061
-7.310000000000057,-281.2511455000061
-7.3000000000000576,-280.1885000000061
-7.290000000000058,-279.1284445000061
-7.280000000000058,-278.0709760000061
-7.270000000000058,-277.01609150000616
-7.260000000000058,-275.9637880000061
-7.250000000000059,-274.9140625000062
-7.240000000000059,-273.86691200000615
-7.230000000000059,-272.82233350000615
-7.220000000000059,-271.78032400000615
-7.2100000000000595,-270.7408805000062
-7.20000000000006,-269.70400000000615
-7.19000000000006,-268.6696795000062
-7.18000000000006,-267.6379160000062
-7.17000000000006,-266.60870650000624
-7.1600000000000605,-265.5820480000062
-7.150000000000061,-264.55793750000623
-7.140000000000061,-263.5363720000062
-7.130000000000061,-262.5173485000063
-7.120000000000061,-261.50086400000623
-7.110000000000062,-260.48691550000626
-7.100000000000062,-259.47550000000626
-7.090000000000062,-258.46661450000624
-7.080000000000062,-257.46025600000627
-7.0700000000000625,-256.4564215000063
-7.060000000000063,-255.45510800000625
-7.050000000000063,-254.45631250000628
-7.040000000000063,-253.46003200000627
-7.030000000000063,-252.46626350000628
-7.0200000000000635,-251.4750040000063
-7.010000000000064,-250.4862505000063
-7.000000000000064,-249.50000000000628
-6.990000000000064,-248.51624950000627
-6.980000000000064,-247.53499600000632
-6.970000000000065,-246.55623650000632
-6.960000000000065,-245.5799680000063
-6.950000000000065,-244.60618750000634
-6.940000000000065,-243.63489200000632
-6.930000000000065,-242.66607850000634
-6.920000000000066,-241.69974400000635
-6.910000000000066,-240.73588550000636
-6.900000000000066,-239.77450000000633
-6.890000000000066,-238.81558450000637
-6.8800000000000665,-237.85913600000634
-6.870000000000067,-236.90515150000635
-6.860000000000067,-235.95362800000635
-6.850000000000067,-235.00456250000636
-6.840000000000067,-234.05795200000637
-6.830000000000068,-233.11379350000635
-6.820000000000068,-232.17208400000638
-6.810000000000068,-231.2328205000064
-6.800000000000068,-230.29600000000636
-6.790000000000068,-229.36161950000638
-6.780000000000069,-228.4296760000064
-6.770000000000069,-227.5001665000064
-6.760000000000069,-226.5730880000064
-6.750000000000069,-225.64843750000642
-6.7400000000000695,-224.7262120000064
-6.73000000000007,-223.8064085000064
-6.72000000000007,-222.88902400000643
-6.71000000000007,-221.9740555000064
-6.70000000000007,-221.06150000000642
-6.690000000000071,-220.1513545000064
-6.680000000000071,-219.24361600000643
-6.670000000000071,-218.33828150000642
-6.660000000000071,-217.43534800000643
-6.650000000000071,-216.5348125000064
-6.640000000000072,-215.63667200000643
-6.630000000000072,-214.74092350000643
-6.620000000000072,-213.84756400000643
-6.610000000000072,-212.95659050000643
-6.6000000000000725,-212.06800000000644
-6.590000000000073,-211.18178950000646
-6.580000000000073,-210.29795600000645
-6.570000000000073,-209.41649650000647
-6.560000000000073,-208.53740800000645
-6.5500000000000735,-207.66068750000647
-6.540000000000074,-206.78633200000644
-6.530000000000074,-205.91433850000644
-6.520000000000074,-205.04470400000645
-6.510000000000074,-204.17742550000642
-6.500000000000075,-203.31250000000642
-6.490000000000075,-202.44992450000646
-6.480000000000075,-201.58969600000646
-6.470000000000075,-200.73181150000644
-6.4600000000000755,-199.87626800000646
-6.450000000000076,-199.02306250000643
-6.440000000000076,-198.17219200000648
-6.430000000000076,-197.32365350000646
-6.420000000000076,-196.47744400000647
-6.4100000000000765,-195.63356050000647
-6.400000000000077,-194.79200000000645
-6.390000000000077,-193.95275950000644
-6.380000000000077,-193.11583600000645
-6.370000000000077,-192.28122650000643
-6.360000000000078,-191.44892800000645
-6.350000000000078,-190.61893750000644
-6.340000000000078,-189.79125200000644
-6.330000000000078,-188.96586850000642
-6.320000000000078,-188.14278400000646
-6.310000000000079,-187.32199550000644
-6.300000000000079,-186.50350000000645
-6.290000000000079,-185.68729450000646
-6.280000000000079,-184.87337600000646
-6.2700000000000795,-184.06174150000646
-6.26000000000008,-183.25238800000645
-6.25000000000008,-182.44531250000648
-6.24000000000008,-181.64051200000642
-6.23000000000008,-180.83798350000643
-6.220000000000081,-180.03772400000645
-6.210000000000081,-179.23973050000643
-6.200000000000081,-178.44400000000644
-6.190000000000081,-177.65052950000643
-6.180000000000081,-176.85931600000643
-6.170000000000082,-176.07035650000643
-6.160000000000082,-175.28364800000642
-6.150000000000082,-174.49918750000643
-6.140000000000082,-173.71697200000642
-6.1300000000000825,-172.9369985000064
-6.120000000000083,-172.15926400000643
-6.110000000000083,-171.38376550000643
-6.100000000000083,-170.61050000000643
-6.090000000000083,-169.8394645000064
-6.080000000000084,-169.0706560000064
-6.070000000000084,-168.3040715000064
-6.060000000000084,-167.5397080000064
-6.050000000000084,-166.7775625000064
-6.040000000000084,-166.0176320000064
-6.030000000000085,-165.2599135000064
-6.020000000000085,-164.50440400000642
-6.010000000000085,-163.7511005000064
-6.000000000000085,-163.0000000000064
-5.9900000000000855,-162.25109950000638
-5.980000000000086,-161.50439600000638
-5.970000000000086,-160.7598865000064
-5.960000000000086,-160.01756800000638
-5.950000000000086,-159.27743750000639
-5.9400000000000865,-158.5394920000064
-5.930000000000087,-157.8037285000064
-5.920000000000087,-157.07014400000634
-5.910000000000087,-156.33873550000635
-5.900000000000087,-155.60950000000634
-5.890000000000088,-154.88243450000635
-5.880000000000088,-154.15753600000636
-5.870000000000088,-153.43480150000633
-5.860000000000088,-152.71422800000636
-5.8500000000000885,-151.99581250000634
-5.840000000000089,-151.27955200000633
-5.830000000000089,-150.56544350000635
-5.820000000000089,-149.85348400000635
-5.810000000000089,-149.14367050000632
-5.8000000000000895,-148.43600000000635
-5.79000000000009,-147.73046950000634
-5.78000000000009,-147.02707600000633
-5.77000000000009,-146.32581650000628
-5.76000000000009,-145.6266880000063
-5.750000000000091,-144.9296875000063
-5.740000000000091,-144.23481200000631
-5.730000000000091,-143.54205850000628
-5.720000000000091,-142.8514240000063
-5.7100000000000914,-142.16290550000627
-5.700000000000092,-141.47650000000627
-5.690000000000092,-140.79220450000628
-5.680000000000092,-140.11001600000625
-5.670000000000092,-139.42993150000626
-5.6600000000000925,-138.75194800000625
-5.650000000000093,-138.07606250000626
-5.640000000000093,-137.40227200000626
-5.630000000000093,-136.73057350000624
-5.620000000000093,-136.06096400000627
-5.610000000000094,-135.39344050000625
-5.600000000000094,-134.7280000000062
-5.590000000000094,-134.06463950000625
-5.580000000000094,-133.4033560000062
-5.570000000000094,-132.7441465000062
-5.560000000000095,-132.08700800000622
-5.550000000000095,-131.4319375000062
-5.540000000000095,-130.7789320000062
-5.530000000000095,-130.12798850000618
-5.5200000000000955,-129.47910400000617
-5.510000000000096,-128.83227550000618
-5.500000000000096,-128.18750000000617
-5.490000000000096,-127.54477450000618
-5.480000000000096,-126.90409600000618
-5.470000000000097,-126.26546150000618
-5.460000000000097,-125.62886800000614
-5.450000000000097,-124.99431250000613
-5.440000000000097,-124.36179200000613
-5.430000000000097,-123.73130350000612
-5.420000000000098,-123.10284400000613
-5.410000000000098,-122.47641050000612
-5.400000000000098,-121.85200000000611
-5.390000000000098,-121.22960950000609
-5.3800000000000985,-120.60923600000609
-5.370000000000099,-119.9908765000061
-5.360000000000099,-119.37452800000608
-5.350000000000099,-118.76018750000608
-5.340000000000099,-118.14785200000608
-5.3300000000000995,-117.53751850000606
-5.3200000000001,-116.92918400000607
-5.3100000000001,-116.32284550000604
-5.3000000000001,-115.71850000000605
-5.2900000000001,-115.11614450000603
-5.280000000000101,-114.51577600000603
-5.270000000000101,-113.91739150000602
-5.260000000000101,-113.32098800000601
-5.250000000000101,-112.72656250000601
-5.2400000000001015,-112.13411200000598
-5.230000000000102,-111.543633500006
-5.220000000000102,-110.95512400000598
-5.210000000000102,-110.36858050000598
-5.200000000000102,-109.78400000000597
-5.1900000000001025,-109.20137950000597
-5.180000000000103,-108.62071600000596
-5.170000000000103,-108.04200650000595
-5.160000000000103,-107.46524800000594
-5.150000000000103,-106.89043750000592
-5.140000000000104,-106.31757200000591
-5.130000000000104,-105.74664850000592
-5.120000000000104,-105.1776640000059
-5.110000000000104,-104.6106155000059
-5.1000000000001044,-104.04550000000589
-5.090000000000105,-103.4823145000059
-5.080000000000105,-102.92105600000588
-5.070000000000105,-102.36172150000587
-5.060000000000105,-101.80430800000586
-5.0500000000001055,-101.24881250000584
-5.040000000000106,-100.69523200000583
-5.030000000000106,-100.14356350000583
-5.020000000000106,-99.59380400000583
-5.010000000000106,-99.04595050000583
-5.000000000000107,-98.5000000000058
-4.990000000000107,-97.95594950000579
-4.980000000000107,-97.41379600000579
-4.970000000000107,-96.87353650000578
-4.960000000000107,-96.33516800000578
-4.950000000000108,-95.79868750000577
-4.940000000000108,-95.26409200000576
-4.930000000000108,-94.73137850000576
-4.920000000000108,-94.20054400000572
-4.9100000000001085,-93.67158550000573
-4.900000000000109,-93.1445000000057
-4.890000000000109,-92.6192845000057
-4.880000000000109,-92.09593600000571
-4.870000000000109,-91.5744515000057
-4.86000000000011,-91.05482800000568
-4.85000000000011,-90.53706250000567
-4.84000000000011,-90.02115200000566
-4.83000000000011,-89.50709350000564
-4.82000000000011,-88.99488400000564
-4.810000000000111,-88.48452050000564
-4.800000000000111,-87.97600000000563
-4.790000000000111,-87.46931950000562
-4.780000000000111,-86.9644760000056
-4.7700000000001115,-86.4614665000056
-4.760000000000112,-85.96028800000559
-4.750000000000112,-85.46093750000557
-4.740000000000112,-84.96341200000556
-4.730000000000112,-84.46770850000556
-4.7200000000001125,-83.97382400000555
-4.710000000000113,-83.48175550000553
-4.700000000000113,-82.99150000000553
-4.690000000000113,-82.50305450000552
-4.680000000000113,-82.0164160000055
-4.670000000000114,-81.53158150000549
-4.660000000000114,-81.04854800000548
-4.650000000000114,-80.56731250000549
-4.640000000000114,-80.08787200000548
-4.6300000000001145,-79.61022350000546
-4.620000000000115,-79.13436400000545
-4.610000000000115,-78.66029050000544
-4.600000000000115,-78.18800000000542
-4.590000000000115,-77.71748950000541
-4.5800000000001155,-77.2487560000054
-4.570000000000116,-76.78179650000538
-4.560000000000116,-76.31660800000537
-4.550000000000116,-75.85318750000536
-4.540000000000116,-75.39153200000537
-4.530000000000117,-74.93163850000536
-4.520000000000117,-74.47350400000533
-4.510000000000117,-74.01712550000532
-4.500000000000117,-73.56250000000531
-4.4900000000001175,-73.10962450000531
-4.480000000000118,-72.6584960000053
-4.470000000000118,-72.20911150000528
-4.460000000000118,-71.76146800000528
-4.450000000000118,-71.31556250000527
-4.4400000000001185,-70.87139200000524
-4.430000000000119,-70.42895350000524
-4.420000000000119,-69.98824400000524
-4.410000000000119,-69.54926050000522
-4.400000000000119,-69.11200000000521
-4.39000000000012,-68.6764595000052
-4.38000000000012,-68.24263600000518
-4.37000000000012,-67.81052650000518
-4.36000000000012,-67.38012800000516
-4.35000000000012,-66.95143750000516
-4.340000000000121,-66.52445200000514
-4.330000000000121,-66.09916850000512
-4.320000000000121,-65.67558400000512
-4.310000000000121,-65.25369550000511
-4.3000000000001215,-64.8335000000051
-4.290000000000122,-64.41499450000506
-4.280000000000122,-63.99817600000507
-4.270000000000122,-63.58304150000506
-4.260000000000122,-63.169588000005035
-4.250000000000123,-62.75781250000503
-4.240000000000123,-62.34771200000503
-4.230000000000123,-61.93928350000502
-4.220000000000123,-61.532524000005
-4.210000000000123,-61.127430500005
-4.200000000000124,-60.724000000004985
-4.190000000000124,-60.32222950000496
-4.180000000000124,-59.92211600000495
-4.170000000000124,-59.52365650000495
-4.1600000000001245,-59.12684800000493
-4.150000000000125,-58.731687500004924
-4.140000000000125,-58.33817200000492
-4.130000000000125,-57.94629850000489
-4.120000000000125,-57.55606400000489
-4.1100000000001256,-57.16746550000487
-4.100000000000126,-56.78050000000485
-4.090000000000126,-56.39516450000485
-4.080000000000126,-56.01145600000484
-4.070000000000126,-55.62937150000482
-4.060000000000127,-55.2489080000048
-4.050000000000127,-54.870062500004785
-4.040000000000127,-54.49283200000479
-4.030000000000127,-54.11721350000477
-4.0200000000001275,-53.74320400000475
-4.010000000000128,-53.37080050000475
-4.000000000000128,-53.00000000000473
-3.990000000000128,-52.63079950000473
-3.9800000000001283,-52.26319600000471
-3.9700000000001285,-51.89718650000469
-3.9600000000001288,-51.53276800000468
-3.950000000000129,-51.16993750000467
-3.940000000000129,-50.808692000004655
-3.9300000000001294,-50.449028500004644
-3.9200000000001296,-50.09094400000463
-3.91000000000013,-49.73443550000462
-3.90000000000013,-49.37950000000461
-3.8900000000001302,-49.026134500004595
-3.8800000000001305,-48.67433600000458
-3.8700000000001307,-48.324101500004566
-3.860000000000131,-47.975428000004555
-3.850000000000131,-47.62831250000454
-3.8400000000001313,-47.28275200000453
-3.8300000000001315,-46.93874350000452
-3.8200000000001317,-46.5962840000045
-3.810000000000132,-46.25537050000448
-3.800000000000132,-45.91600000000448
-3.7900000000001324,-45.57816950000446
-3.7800000000001326,-45.24187600000445
-3.770000000000133,-44.907116500004435
-3.760000000000133,-44.57388800000442
-3.7500000000001332,-44.242187500004405
-3.7400000000001334,-43.912012000004395
-3.7300000000001337,-43.58335850000438
-3.720000000000134,-43.25622400000437
-3.710000000000134,-42.930605500004354
-3.7000000000001343,-42.606500000004345
-3.6900000000001345,-42.283904500004326
-3.6800000000001347,-41.96281600000432
-3.670000000000135,-41.643231500004305
-3.660000000000135,-41.32514800000429
-3.6500000000001354,-41.00856250000427
-3.6400000000001356,-40.693472000004256
-3.630000000000136,-40.37987350000425
-3.620000000000136,-40.06776400000423
-3.610000000000136,-39.75714050000422
-3.6000000000001364,-39.44800000000421
-3.5900000000001366,-39.140339500004195
-3.580000000000137,-38.834156000004185
-3.570000000000137,-38.52944650000416
-3.5600000000001373,-38.226208000004156
-3.5500000000001375,-37.92443750000414
-3.5400000000001377,-37.624132000004124
-3.530000000000138,-37.325288500004106
-3.520000000000138,-37.0279040000041
-3.5100000000001383,-36.73197550000408
-3.5000000000001386,-36.43750000000408
-3.4900000000001388,-36.14447450000406
-3.480000000000139,-35.852896000004044
-3.470000000000139,-35.56276150000403
-3.4600000000001394,-35.27406800000401
-3.4500000000001396,-34.98681250000399
-3.44000000000014,-34.700992000003986
-3.43000000000014,-34.41660350000397
-3.4200000000001403,-34.133644000003954
-3.4100000000001405,-33.85211050000394
-3.4000000000001407,-33.57200000000393
-3.390000000000141,-33.29330950000392
-3.380000000000141,-33.01603600000391
-3.3700000000001413,-32.740176500003884
-3.3600000000001415,-32.46572800000388
-3.3500000000001418,-32.19268750000386
-3.340000000000142,-31.92105200000385
-3.330000000000142,-31.65081850000383
-3.3200000000001424,-31.38198400000382
-3.3100000000001426,-31.114545500003807
-3.300000000000143,-30.848500000003785
-3.290000000000143,-30.583844500003778
-3.2800000000001432,-30.32057600000376
-3.2700000000001435,-30.058691500003746
-3.2600000000001437,-29.79818800000373
-3.250000000000144,-29.539062500003716
-3.240000000000144,-29.2813120000037
-3.2300000000001443,-29.02493350000369
-3.2200000000001445,-28.769924000003673
-3.2100000000001447,-28.51628050000366
-3.200000000000145,-28.264000000003648
-3.190000000000145,-28.013079500003634
-3.1800000000001454,-27.763516000003616
-3.1700000000001456,-27.515306500003604
-3.160000000000146,-27.268448000003588
-3.150000000000146,-27.02293750000358
-3.1400000000001462,-26.77877200000356
-3.1300000000001464,-26.535948500003542
-3.1200000000001467,-26.29446400000353
-3.110000000000147,-26.05431550000352
-3.100000000000147,-25.815500000003507
-3.0900000000001473,-25.57801450000349
-3.0800000000001475,-25.341856000003474
-3.0700000000001477,-25.107021500003462
-3.060000000000148,-24.873508000003444
-3.050000000000148,-24.64131250000343
-3.0400000000001484,-24.410432000003418
-3.0300000000001486,-24.180863500003404
-3.020000000000149,-23.952604000003387
-3.010000000000149,-23.72565050000337
-3.000000000000149,-23.500000000003357
-2.9900000000001494,-23.27564950000334
-2.9800000000001496,-23.05259600000333
-2.97000000000015,-22.830836500003315
-2.96000000000015,-22.610368000003298
-2.9500000000001503,-22.391187500003284
-2.9400000000001505,-22.17329200000327
-2.9300000000001507,-21.956678500003257
-2.920000000000151,-21.74134400000324
-2.910000000000151,-21.527285500003224
-2.9000000000001513,-21.31450000000321
-2.8900000000001516,-21.102984500003195
-2.8800000000001518,-20.892736000003183
-2.870000000000152,-20.68375150000317
-2.860000000000152,-20.47602800000315
-2.8500000000001524,-20.26956250000314
-2.8400000000001526,-20.064352000003122
-2.830000000000153,-19.860393500003113
-2.820000000000153,-19.65768400000309
-2.8100000000001533,-19.456220500003077
-2.8000000000001535,-19.256000000003063
-2.7900000000001537,-19.05701950000305
-2.780000000000154,-18.85927600000303
-2.770000000000154,-18.662766500003016
-2.7600000000001543,-18.467488000003005
-2.7500000000001545,-18.27343750000299
-2.7400000000001548,-18.080612000002976
-2.730000000000155,-17.88900850000296
-2.720000000000155,-17.698624000002944
-2.7100000000001554,-17.50945550000293
-2.7000000000001556,-17.321500000002917
-2.690000000000156,-17.1347545000029
-2.680000000000156,-16.949216000002885
-2.6700000000001562,-16.764881500002872
-2.6600000000001565,-16.581748000002857
-2.6500000000001567,-16.399812500002838
-2.640000000000157,-16.219072000002825
-2.630000000000157,-16.039523500002815
-2.6200000000001573,-15.861164000002798
-2.6100000000001575,-15.68399050000278
-2.6000000000001577,-15.508000000002767
-2.590000000000158,-15.333189500002751
-2.580000000000158,-15.159556000002734
-2.5700000000001584,-14.987096500002723
-2.5600000000001586,-14.815808000002708
-2.550000000000159,-14.645687500002692
-2.540000000000159,-14.47673200000268
-2.5300000000001592,-14.308938500002663
-2.5200000000001594,-14.142304000002646
-2.5100000000001597,-13.976825500002631
-2.50000000000016,-13.812500000002618
-2.49000000000016,-13.649324500002605
-2.4800000000001603,-13.487296000002587
-2.4700000000001605,-13.326411500002573
-2.4600000000001607,-13.16666800000256
-2.450000000000161,-13.008062500002543
-2.440000000000161,-12.850592000002528
-2.4300000000001614,-12.694253500002512
-2.4200000000001616,-12.539044000002498
-2.410000000000162,-12.384960500002483
-2.400000000000162,-12.232000000002468
-2.390000000000162,-12.080159500002454
-2.3800000000001624,-11.92943600000244
-2.3700000000001626,-11.779826500002423
-2.360000000000163,-11.631328000002409
-2.350000000000163,-11.483937500002396
-2.3400000000001633,-11.337652000002379
-2.3300000000001635,-11.192468500002365
-2.3200000000001637,-11.04838400000235
-2.310000000000164,-10.905395500002337
-2.300000000000164,-10.76350000000232
-2.2900000000001643,-10.622694500002305
-2.2800000000001646,-10.482976000002289
-2.2700000000001648,-10.344341500002274
-2.260000000000165,-10.20678800000226
-2.250000000000165,-10.070312500002245
-2.2400000000001654,-9.934912000002232
-2.2300000000001656,-9.800583500002217
-2.220000000000166,-9.6673240000022
-2.210000000000166,-9.535130500002186
-2.2000000000001663,-9.40400000000217
-2.1900000000001665,-9.273929500002156
-2.1800000000001667,-9.144916000002143
-2.170000000000167,-9.016956500002127
-2.160000000000167,-8.89004800000211
-2.1500000000001673,-8.764187500002098
-2.1400000000001675,-8.639372000002082
-2.1300000000001678,-8.515598500002067
-2.120000000000168,-8.392864000002053
-2.110000000000168,-8.271165500002036
-2.1000000000001684,-8.150500000002022
-2.0900000000001686,-8.030864500002009
-2.080000000000169,-7.912256000001992
-2.070000000000169,-7.79467150000198
-2.0600000000001693,-7.678108000001963
-2.0500000000001695,-7.562562500001951
-2.0400000000001697,-7.448032000001934
-2.03000000000017,-7.33451350000192
-2.02000000000017,-7.222004000001906
-2.0100000000001703,-7.110500500001891
-2.0000000000001705,-7.000000000001876
-1.9900000000001705,-6.89049950000186
-1.9800000000001705,-6.7819960000018416
-1.9700000000001705,-6.674486500001825
-1.9600000000001705,-6.567968000001808
-1.9500000000001705,-6.462437500001791
-1.9400000000001705,-6.357892000001774
-1.9300000000001705,-6.254328500001757
-1.9200000000001705,-6.15174400000174
-1.9100000000001705,-6.050135500001724
-1.9000000000001704,-5.9495000000017075
-1.8900000000001704,-5.849834500001689
-1.8800000000001704,-5.751136000001673
-1.8700000000001704,-5.653401500001657
-1.8600000000001704,-5.5566280000016395
-1.8500000000001704,-5.460812500001624
-1.8400000000001704,-5.365952000001609
-1.8300000000001704,-5.272043500001591
-1.8200000000001704,-5.179084000001575
-1.8100000000001704,-5.087070500001559
-1.8000000000001704,-4.996000000001543
-1.7900000000001703,-4.905869500001527
-1.7800000000001703,-4.816676000001511
-1.7700000000001703,-4.728416500001495
-1.7600000000001703,-4.64108800000148
-1.7500000000001703,-4.554687500001465
-1.7400000000001703,-4.469212000001448
-1.7300000000001703,-4.384658500001432
-1.7200000000001703,-4.301024000001417
-1.7100000000001703,-4.218305500001401
-1.7000000000001703,-4.136500000001385
-1.6900000000001703,-4.05560450000137
-1.6800000000001702,-3.975616000001354
-1.6700000000001702,-3.8965315000013394
-1.6600000000001702,-3.8183480000013237
-1.6500000000001702,-3.7410625000013082
-1.6400000000001702,-3.6646720000012927
-1.6300000000001702,-3.5891735000012783
-1.6200000000001702,-3.514564000001262
-1.6100000000001702,-3.4408405000012463
-1.6000000000001702,-3.3680000000012313
-1.5900000000001702,-3.296039500001217
-1.5800000000001702,-3.2249560000012023
-1.5700000000001701,-3.1547465000011874
-1.5600000000001701,-3.0854080000011725
-1.5500000000001701,-3.0169375000011573
-1.5400000000001701,-2.9493320000011423
-1.5300000000001701,-2.8825885000011278
-1.52000000000017,-2.8167040000011134
-1.51000000000017,-2.7516755000010997
-1.50000000000017,-2.6875000000010845
-1.49000000000017,-2.624174500001069
-1.48000000000017,-2.5616960000010556
-1.47000000000017,-2.500061500001041
-1.46000000000017,-2.439268000001027
-1.45000000000017,-2.379312500001012
-1.44000000000017,-2.320192000000998
-1.43000000000017,-2.261903500000985
-1.42000000000017,-2.2044440000009704
-1.41000000000017,-2.147810500000956
-1.40000000000017,-2.092000000000942
-1.39000000000017,-2.037009500000928
-1.38000000000017,-1.9828360000009138
-1.37000000000017,-1.9294765000008995
-1.36000000000017,-1.8769280000008859
-1.35000000000017,-1.8251875000008733
-1.34000000000017,-1.7742520000008595
-1.33000000000017,-1.724118500000845
-1.32000000000017,-1.674784000000832
-1.31000000000017,-1.6262455000008185
-1.30000000000017,-1.5785000000008051
-1.29000000000017,-1.5315445000007912
-1.28000000000017,-1.4853760000007776
-1.2700000000001699,-1.4399915000007644
-1.2600000000001699,-1.3953880000007515
-1.2500000000001699,-1.3515625000007372
-1.2400000000001699,-1.308512000000725
-1.2300000000001698,-1.2662335000007117
-1.2200000000001698,-1.2247240000006987
-1.2100000000001698,-1.1839805000006853
-1.2000000000001698,-1.1440000000006725
-1.1900000000001698,-1.1047795000006602
-1.1800000000001698,-1.0663160000006466
-1.1700000000001698,-1.0286065000006337
-1.1600000000001698,-0.9916480000006209
-1.1500000000001698,-0.9554375000006088
-1.1400000000001698,-0.919972000000596
-1.1300000000001698,-0.885248500000583
-1.1200000000001697,-0.8512640000005707
-1.1100000000001697,-0.8180155000005582
-1.1000000000001697,-0.7855000000005457
-1.0900000000001697,-0.753714500000533
-1.0800000000001697,-0.7226560000005207
-1.0700000000001697,-0.6923215000005087
-1.0600000000001697,-0.6627080000004963
-1.0500000000001697,-0.6338125000004844
-1.0400000000001697,-0.605632000000472
-1.0300000000001697,-0.5781635000004601
-1.0200000000001697,-0.5514040000004479
-1.0100000000001697,-0.5253505000004357
-1.0000000000001696,-0.5000000000004241
-0.9900000000001696,-0.47534950000041265
-0.9800000000001696,-0.4513960000004005
-0.9700000000001696,-0.4281365000003885
-0.9600000000001696,-0.40556800000037674
-0.9500000000001696,-0.38368750000036567
-0.9400000000001696,-0.36249200000035353
-0.9300000000001696,-0.3419785000003417
-0.9200000000001696,-0.3221440000003306
-0.9100000000001696,-0.30298550000031943
-0.9000000000001696,-0.28450000000030773
-0.8900000000001695,-0.2666845000002962
-0.8800000000001695,-0.24953600000028509
-0.8700000000001695,-0.2330515000002742
-0.8600000000001695,-0.21722800000026266
-0.8500000000001695,-0.20206250000025117
-0.8400000000001695,-0.18755200000024042
-0.8300000000001695,-0.17369350000022976
-0.8200000000001695,-0.16048400000021856
-0.8100000000001695,-0.1479205000002073
-0.8000000000001695,-0.13600000000019663
-0.7900000000001695,-0.12471950000018595
-0.7800000000001694,-0.11407600000017482
-0.7700000000001694,-0.10406650000016393
-0.7600000000001694,-0.09468800000015376
-0.7500000000001694,-0.08593750000014322
-0.7400000000001694,-0.07781200000013255
-0.7300000000001694,-0.07030850000012157
-0.7200000000001694,-0.06342400000011139
-0.7100000000001694,-0.05715550000010139
-0.7000000000001694,-0.051500000000090695
-0.6900000000001694,-0.04645450000008
-0.6800000000001694,-0.04201600000007
-0.6700000000001693,-0.03818150000006004
-0.6600000000001693,-0.03494800000004972
-0.6500000000001693,-0.0323125000000396
-0.6400000000001693,-0.030272000000029498
-0.6300000000001693,-0.028823500000019542
-0.6200000000001693,-0.027964000000009648
-0.6100000000001693,-0.02769049999999973
-0.6000000000001693,-0.02799999999998981
-0.5900000000001693,-0.02888949999998003
-0.5800000000001693,-0.030355999999970296
-0.5700000000001693,-0.03239649999996064
-0.5600000000001693,-0.03500799999995097
-0.5500000000001692,-0.03818749999994142
-0.5400000000001692,-0.04193199999993191
-0.5300000000001692,-0.04623849999992247
-0.5200000000001692,-0.051103999999913
-0.5100000000001692,-0.05652549999990353
-0.5000000000001692,-0.06249999999989431
-0.4900000000001692,-0.06902449999988491
-0.4800000000001692,-0.07609599999987582
-0.47000000000016917,-0.0837114999998666
-0.46000000000016916,-0.09186799999985751
-0.45000000000016915,-0.10056249999984834
-0.44000000000016914,-0.10979199999983935
-0.43000000000016914,-0.11955349999983045
-0.4200000000001691,-0.12984399999982155
-0.4100000000001691,-0.14066049999981267
-0.4000000000001691,-0.15199999999980385
-0.3900000000001691,-0.1638594999997951
-0.3800000000001691,-0.17623599999978634
-0.3700000000001691,-0.1891264999997777
-0.3600000000001691,-0.20252799999976911
-0.35000000000016906,-0.21643749999976059
-0.34000000000016906,-0.23085199999975203
-0.33000000000016905,-0.2457684999997436
-0.32000000000016904,-0.2611839999997352
-0.31000000000016903,-0.2770954999997268
-0.300000000000169,-0.29349999999971854
-0.290000000000169,-0.31039449999971036
-0.280000000000169,-0.3277759999997022
-0.270000000000169,-0.34564149999969396
-0.260000000000169,-0.3639879999996859
-0.250000000000169,-0.3828124999996779
-0.24000000000016897,-0.40211199999966996
-0.23000000000016896,-0.421883499999662
-0.22000000000016895,-0.4421239999996541
-0.21000000000016894,-0.4628304999996463
-0.20000000000016893,-0.4839999999996385
-0.19000000000016892,-0.5056294999996307
-0.1800000000001689,-0.527715999999623
-0.1700000000001689,-0.5502564999996155
-0.1600000000001689,-0.5732479999996078
-0.1500000000001689,-0.5966874999996004
-0.14000000000016888,-0.6205719999995929
-0.13000000000016887,-0.6448984999995855
-0.12000000000016887,-0.669663999999578
-0.11000000000016888,-0.6948654999995707
-0.10000000000016888,-0.7204999999995634
-0.09000000000016889,-0.7465644999995562
-0.0800000000001689,-0.773055999999549
-0.0700000000001689,-0.7999714999995419
-0.0600000000001689,-0.8273079999995347
-0.050000000000168895,-0.8550624999995278
-0.040000000000168894,-0.8832319999995207
-0.03000000000016889,-0.9118134999995138
-0.02000000000016889,-0.9408039999995069
-0.01000000000016889,-0.9702004999995001
-1.6888920817414999E-13,-0.9999999999994933
0.009999999999831111,-1.0301994999994866
0.01999999999983111,-1.0607959999994798
0.029999999999831113,-1.0917864999994733
0.039999999999831115,-1.1231679999994668
0.04999999999983112,-1.1549374999994602
0.05999999999983112,-1.1870919999994538
0.06999999999983111,-1.2196284999994473
0.07999999999983111,-1.252543999999441
0.0899999999998311,-1.2858354999994346
0.0999999999998311,-1.3194999999994281
0.1099999999998311,-1.353534499999422
0.11999999999983109,-1.3879359999994159
0.12999999999983108,-1.4227014999994096
0.1399999999998311,-1.4578279999994037
0.1499999999998311,-1.4933124999993976
0.1599999999998311,-1.5291519999993919
0.16999999999983112,-1.5653434999993858
0.17999999999983113,-1.60188399999938
0.18999999999983114,-1.6387704999993742
0.19999999999983115,-1.6759999999993684
0.20999999999983116,-1.7135694999993627
0.21999999999983116,-1.7514759999993572
0.22999999999983117,-1.7897164999993516
0.23999999999983118,-1.828287999999346
0.2499999999998312,-1.8671874999993405
0.2599999999998312,-1.9064119999993352
0.2699999999998312,-1.9459584999993298
0.2799999999998312,-1.9858239999993244
0.2899999999998312,-2.026005499999319
0.29999999999983123,-2.066499999999314
0.30999999999983124,-2.1073044999993087
0.31999999999983125,-2.1484159999993038
0.32999999999983126,-2.1898314999992987
0.33999999999983127,-2.2315479999992935
0.3499999999998313,-2.2735624999992883
0.3599999999998313,-2.315871999999284
0.3699999999998313,-2.3584734999992785
0.3799999999998313,-2.401363999999274
0.3899999999998313,-2.4445404999992695
0.3999999999998313,-2.4879999999992646
0.40999999999983133,-2.5317394999992597
0.41999999999983134,-2.575755999999255
0.42999999999983135,-2.6200464999992508
0.43999999999983136,-2.6646079999992462
0.44999999999983137,-2.7094374999992414
0.4599999999998314,-2.7545319999992373
0.4699999999998314,-2.799888499999233
0.4799999999998314,-2.8455039999992287
0.4899999999998314,-2.8913754999992243
0.4999999999998314,-2.93749999999922
0.5099999999998314,-2.9838744999992155
0.5199999999998314,-3.030495999999212
0.5299999999998314,-3.0773614999992076
0.5399999999998314,-3.1244679999992035
0.5499999999998314,-3.1718124999991995
0.5599999999998314,-3.2193919999991962
0.5699999999998314,-3.267203499999192
0.5799999999998314,-3.3152439999991885
0.5899999999998314,-3.3635104999991845
0.5999999999998314,-3.411999999999181
0.6099999999998315,-3.460709499999177
0.6199999999998315,-3.5096359999991735
0.6299999999998315,-3.55877649999917
0.6399999999998315,-3.6081279999991667
0.6499999999998315,-3.657687499999163
0.6599999999998315,-3.7074519999991598
0.6699999999998315,-3.7574184999991562
0.6799999999998315,-3.8075839999991534
0.6899999999998315,-3.8579454999991496
0.6999999999998315,-3.9084999999991465
0.7099999999998315,-3.9592444999991434
0.7199999999998316,-4.010175999999141
0.7299999999998316,-4.061291499999138
0.7399999999998316,-4.112587999999135
0.7499999999998316,-4.164062499999131
0.7599999999998316,-4.215711999999129
0.7699999999998316,-4.267533499999126
0.7799999999998316,-4.319523999999123
0.7899999999998316,-4.371680499999121
0.7999999999998316,-4.4239999999991175
0.8099999999998316,-4.476479499999115
0.8199999999998316,-4.529115999999113
0.8299999999998317,-4.58190649999911
0.8399999999998317,-4.634847999999108
0.8499999999998317,-4.687937499999105
0.8599999999998317,-4.741171999999103
0.8699999999998317,-4.794548499999101
0.8799999999998317,-4.848063999999098
0.8899999999998317,-4.901715499999096
0.8999999999998317,-4.955499999999094
0.9099999999998317,-5.0094144999990915
0.9199999999998317,-5.06345599999909
0.9299999999998317,-5.117621499999087
0.9399999999998317,-5.171907999999085
0.9499999999998318,-5.226312499999084
0.9599999999998318,-5.280831999999082
0.9699999999998318,-5.33546349999908
0.9799999999998318,-5.390203999999079
0.9899999999998318,-5.445050499999076
0.9999999999998318,-5.4999999999990745
1.0099999999998317,-5.555049499999073
1.0199999999998317,-5.610195999999071
1.0299999999998317,-5.665436499999069
1.0399999999998317,-5.720767999999068
1.0499999999998317,-5.776187499999066
1.0599999999998317,-5.831691999999066
1.0699999999998318,-5.887278499999065
1.0799999999998318,-5.942943999999063
1.0899999999998318,-5.998685499999062
1.0999999999998318,-6.05449999999906
1.1099999999998318,-6.110384499999059
1.1199999999998318,-6.166335999999058
1.1299999999998318,-6.222351499999057
1.1399999999998318,-6.278427999999057
1.1499999999998318,-6.3345624999990555
1.1599999999998318,-6.390751999999054
1.1699999999998318,-6.446993499999054
1.1799999999998319,-6.503283999999053
1.1899999999998319,-6.559620499999053
1.1999999999998319,-6.615999999999051
1.2099999999998319,-6.672419499999051
1.2199999999998319,-6.728875999999051
1.229999999999832,-6.78536649999905
1.239999999999832,-6.84188799999905
1.249999999999832,-6.898437499999049
1.259999999999832,-6.955011999999049
1.269999999999832,-7.011608499999049
1.279999999999832,-7.068223999999049
1.289999999999832,-7.1248554999990485
1.299999999999832,-7.1814999999990485
1.309999999999832,-7.238154499999048
1.319999999999832,-7.294815999999047
1.329999999999832,-7.351481499999048
1.339999999999832,-7.4081479999990485
1.349999999999832,-7.464812499999049
1.359999999999832,-7.521471999999048
1.369999999999832,-7.578123499999048
1.379999999999832,-7.634763999999048
1.389999999999832,-7.691390499999049
1.399999999999832,-7.74799999999905
1.409999999999832,-7.804589499999049
1.419999999999832,-7.86115599999905
1.429999999999832,-7.917696499999051
1.439999999999832,-7.9742079999990505
1.449999999999832,-8.03068749999905
1.459999999999832,-8.087131999999052
1.469999999999832,-8.143538499999053
1.4799999999998321,-8.199903999999055
1.4899999999998321,-8.256225499999054
1.4999999999998321,-8.312499999999055
1.5099999999998321,-8.368724499999058
1.5199999999998322,-8.424895999999057
1.5299999999998322,-8.48101149999906
1.5399999999998322,-8.53706799999906
1.5499999999998322,-8.59306249999906
1.5599999999998322,-8.648991999999062
1.5699999999998322,-8.704853499999063
1.5799999999998322,-8.760643999999065
1.5899999999998322,-8.816360499999066
1.5999999999998322,-8.871999999999067
1.6099999999998322,-8.927559499999068
1.6199999999998322,-8.983035999999071
1.6299999999998322,-9.038426499999073
1.6399999999998323,-9.093727999999073
1.6499999999998323,-9.148937499999075
1.6599999999998323,-9.204051999999077
1.6699999999998323,-9.259068499999078
1.6799999999998323,-9.31398399999908
1.6899999999998323,-9.36879549999908
1.6999999999998323,-9.423499999999084
1.7099999999998323,-9.478094499999084
1.7199999999998323,-9.532575999999088
1.7299999999998323,-9.586941499999089
1.7399999999998323,-9.641187999999092
1.7499999999998324,-9.695312499999094
1.7599999999998324,-9.749311999999096
1.7699999999998324,-9.803183499999097
1.7799999999998324,-9.8569239999991
1.7899999999998324,-9.910530499999103
1.7999999999998324,-9.963999999999105
1.8099999999998324,-10.017329499999107
1.8199999999998324,-10.07051599999911
1.8299999999998324,-10.123556499999113
1.8399999999998324,-10.176447999999114
1.8499999999998324,-10.229187499999117
1.8599999999998325,-10.281771999999119
1.8699999999998325,-10.334198499999124
1.8799999999998325,-10.386463999999126
1.8899999999998325,-10.438565499999129
1.8999999999998325,-10.490499999999132
1.9099999999998325,-10.542264499999135
1.9199999999998325,-10.593855999999137
1.9299999999998325,-10.64527149999914
1.9399999999998325,-10.696507999999143
1.9499999999998325,-10.747562499999146
1.9599999999998325,-10.798431999999151
1.9699999999998326,-10.849113499999152
1.9799999999998326,-10.899603999999156
1.9899999999998326,-10.94990049999916
1.9999999999998326,-10.999999999999162
2.0099999999998324,-11.049899499999164
2.019999999999832,-11.099595999999167
2.029999999999832,-11.14908649999917
2.0399999999998317,-11.19836799999917
2.0499999999998315,-11.247437499999176
2.0599999999998313,-11.296291999999177
2.069999999999831,-11.34492849999918
2.079999999999831,-11.393343999999182
2.0899999999998307,-11.441535499999185
2.0999999999998304,-11.489499999999188
2.1099999999998302,-11.537234499999192
2.11999999999983,-11.584735999999195
2.12999999999983,-11.632001499999198
2.1399999999998296,-11.6790279999992
2.1499999999998294,-11.725812499999202
2.159999999999829,-11.772351999999207
2.169999999999829,-11.818643499999208
2.1799999999998287,-11.864683999999214
2.1899999999998285,-11.910470499999217
2.1999999999998283,-11.955999999999221
2.209999999999828,-12.001269499999223
2.219999999999828,-12.046275999999228
2.2299999999998277,-12.091016499999231
2.2399999999998275,-12.135487999999235
2.2499999999998272,-12.17968749999924
2.259999999999827,-12.223611999999243
2.269999999999827,-12.267258499999247
2.2799999999998266,-12.31062399999925
2.2899999999998264,-12.353705499999254
2.299999999999826,-12.396499999999259
2.309999999999826,-12.439004499999264
2.3199999999998258,-12.481215999999266
2.3299999999998255,-12.52313149999927
2.3399999999998253,-12.564747999999277
2.349999999999825,-12.60606249999928
2.359999999999825,-12.647071999999284
2.3699999999998247,-12.687773499999288
2.3799999999998245,-12.728163999999293
2.3899999999998243,-12.768240499999298
2.399999999999824,-12.807999999999302
2.409999999999824,-12.847439499999307
2.4199999999998236,-12.886555999999313
2.4299999999998234,-12.925346499999318
2.439999999999823,-12.963807999999322
2.449999999999823,-13.001937499999329
2.4599999999998228,-13.039731999999333
2.4699999999998226,-13.077188499999338
2.4799999999998223,-13.114303999999343
2.489999999999822,-13.151075499999349
2.499999999999822,-13.187499999999353
2.5099999999998217,-13.22357449999936
2.5199999999998215,-13.259295999999367
2.5299999999998213,-13.294661499999371
2.539999999999821,-13.329667999999376
2.549999999999821,-13.364312499999382
2.5599999999998206,-13.398591999999388
2.5699999999998204,-13.432503499999394
2.57999999999982,-13.4660439999994
2.58999999999982,-13.499210499999405
2.59999999999982,-13.531999999999412
2.6099999999998196,-13.56440949999942
2.6199999999998194,-13.596435999999423
2.629999999999819,-13.62807649999943
2.639999999999819,-13.659327999999437
2.6499999999998187,-13.690187499999443
2.6599999999998185,-13.72065199999945
2.6699999999998183,-13.750718499999458
2.679999999999818,-13.780383999999463
2.689999999999818,-13.809645499999469
2.6999999999998177,-13.838499999999476
2.7099999999998174,-13.866944499999484
2.7199999999998172,-13.894975999999492
2.729999999999817,-13.922591499999498
2.739999999999817,-13.949787999999506
2.7499999999998166,-13.976562499999512
2.7599999999998164,-14.002911999999519
2.769999999999816,-14.028833499999527
2.779999999999816,-14.054323999999534
2.7899999999998157,-14.079380499999543
2.7999999999998155,-14.10399999999955
2.8099999999998153,-14.128179499999558
2.819999999999815,-14.151915999999565
2.829999999999815,-14.175206499999573
2.8399999999998147,-14.198047999999579
2.8499999999998145,-14.220437499999587
2.8599999999998142,-14.242371999999595
2.869999999999814,-14.263848499999606
2.879999999999814,-14.284863999999613
2.8899999999998136,-14.305415499999619
2.8999999999998134,-14.32549999999963
2.909999999999813,-14.345114499999637
2.919999999999813,-14.364255999999648
2.9299999999998128,-14.382921499999656
2.9399999999998125,-14.401107999999663
2.9499999999998123,-14.418812499999671
2.959999999999812,-14.436031999999681
2.969999999999812,-14.452763499999689
2.9799999999998117,-14.469003999999698
2.9899999999998115,-14.484750499999707
2.9999999999998113,-14.499999999999718
3.009999999999811,-14.514749499999727
3.019999999999811,-14.528995999999736
3.0299999999998106,-14.542736499999743
3.0399999999998104,-14.555967999999753
3.04999999999981,-14.568687499999763
3.05999999999981,-14.580891999999771
3.0699999999998098,-14.592578499999782
3.0799999999998096,-14.603743999999793
3.0899999999998093,-14.614385499999802
3.099999999999809,-14.624499999999811
3.109999999999809,-14.634084499999823
3.1199999999998087,-14.643135999999833
3.1299999999998085,-14.651651499999844
3.1399999999998083,-14.659627999999852
3.149999999999808,-14.667062499999863
3.159999999999808,-14.67395199999987
3.1699999999998076,-14.680293499999884
3.1799999999998074,-14.686083999999893
3.189999999999807,-14.691320499999904
3.199999999999807,-14.695999999999918
3.209999999999807,-14.700119499999925
3.2199999999998066,-14.703675999999936
3.2299999999998064,-14.706666499999947
3.239999999999806,-14.70908799999996
3.249999999999806,-14.710937499999968
3.2599999999998057,-14.712211999999978
3.2699999999998055,-14.71290849999999
3.2799999999998053,-14.713024000000003
3.289999999999805,-14.712555500000015
3.299999999999805,-14.711500000000028
3.3099999999998047,-14.709854500000038
3.3199999999998044,-14.70761600000005
3.3299999999998042,-14.704781500000063
3.339999999999804,-14.701348000000072
3.349999999999804,-14.697312500000084
3.3599999999998036,-14.692672000000096
3.3699999999998034,-14.687423500000108
3.379999999999803,-14.68156400000012
3.389999999999803,-14.675090500000135
3.3999999999998027,-14.668000000000147
3.4099999999998025,-14.660289500000157
3.4199999999998023,-14.651956000000167
3.429999999999802,-14.642996500000184
3.439999999999802,-14.633408000000193
3.4499999999998017,-14.62318750000021
3.4599999999998015,-14.61233200000022
3.4699999999998012,-14.600838500000233
3.479999999999801,-14.588704000000247
3.489999999999801,-14.575925500000263
3.4999999999998006,-14.562500000000272
3.5099999999998004,-14.548424500000287
3.5199999999998,-14.5336960000003
3.5299999999998,-14.518311500000316
3.5399999999997998,-14.502268000000326
3.5499999999997995,-14.485562500000341
3.5599999999997993,-14.468192000000352
3.569999999999799,-14.450153500000368
3.579999999999799,-14.431444000000385
3.5899999999997987,-14.412060500000393
3.5999999999997985,-14.392000000000413
3.6099999999997983,-14.371259500000424
3.619999999999798,-14.349836000000439
3.629999999999798,-14.327726500000455
3.6399999999997976,-14.304928000000467
3.6499999999997974,-14.281437500000486
3.659999999999797,-14.257252000000497
3.669999999999797,-14.232368500000511
3.6799999999997968,-14.206784000000527
3.6899999999997966,-14.180495500000543
3.6999999999997963,-14.153500000000557
3.709999999999796,-14.125794500000573
3.719999999999796,-14.097376000000585
3.7299999999997957,-14.068241500000603
3.7399999999997955,-14.038388000000618
3.7499999999997953,-14.007812500000636
3.759999999999795,-13.976512000000648
3.769999999999795,-13.944483500000665
3.7799999999997946,-13.91172400000068
3.7899999999997944,-13.878230500000694
3.799999999999794,-13.844000000000714
3.809999999999794,-13.809029500000726
3.819999999999794,-13.773316000000742
3.8299999999997936,-13.736856500000759
3.8399999999997934,-13.699648000000776
3.849999999999793,-13.661687500000792
3.859999999999793,-13.622972000000809
3.8699999999997927,-13.583498500000829
3.8799999999997925,-13.54326400000084
3.8899999999997923,-13.50226550000086
3.899999999999792,-13.460500000000879
3.909999999999792,-13.417964500000895
3.9199999999997917,-13.37465600000091
3.9299999999997914,-13.330571500000929
3.9399999999997912,-13.285708000000946
3.949999999999791,-13.240062500000963
3.959999999999791,-13.19363200000098
3.9699999999997906,-13.146413500000996
3.9799999999997904,-13.098404000001013
3.98999999999979,-13.04960050000103
3.99999999999979,-13.00000000000105
4.00999999999979,-12.949599500001066
4.01999999999979,-12.898396000001085
4.02999999999979,-12.8463865000011
4.0399999999997895,-12.79356800000112
4.049999999999789,-12.739937500001142
4.059999999999789,-12.685492000001155
4.069999999999789,-12.630228500001179
4.079999999999789,-12.574144000001194
4.0899999999997885,-12.517235500001215
4.099999999999788,-12.459500000001235
4.109999999999788,-12.400934500001254
4.119999999999788,-12.341536000001266
4.129999999999788,-12.281301500001293
4.139999999999787,-12.220228000001306
4.149999999999787,-12.158312500001328
4.159999999999787,-12.095552000001351
4.169999999999787,-12.03194350000137
4.1799999999997866,-11.967484000001384
4.189999999999786,-11.902170500001409
4.199999999999786,-11.836000000001423
4.209999999999786,-11.768969500001448
4.219999999999786,-11.701076000001464
4.2299999999997855,-11.632316500001485
4.239999999999785,-11.562688000001504
4.249999999999785,-11.49218750000153
4.259999999999785,-11.420812000001547
4.269999999999785,-11.348558500001564
4.279999999999784,-11.275424000001582
4.289999999999784,-11.201405500001608
4.299999999999784,-11.126500000001627
4.309999999999784,-11.050704500001649
4.319999999999784,-10.974016000001665
4.329999999999783,-10.896431500001691
4.339999999999783,-10.817948000001707
4.349999999999783,-10.738562500001732
4.359999999999783,-10.658272000001755
4.3699999999997825,-10.577073500001783
4.379999999999782,-10.494964000001794
4.389999999999782,-10.411940500001817
4.399999999999782,-10.32800000000184
4.409999999999782,-10.243139500001861
4.419999999999781,-10.157356000001883
4.429999999999781,-10.070646500001905
4.439999999999781,-9.983008000001934
4.449999999999781,-9.89443750000195
4.459999999999781,-9.804932000001976
4.46999999999978,-9.714488500001996
4.47999999999978,-9.62310400000202
4.48999999999978,-9.530775500002045
4.49999999999978,-9.437500000002068
4.5099999999997795,-9.343274500002087
4.519999999999779,-9.24809600000211
4.529999999999779,-9.151961500002132
4.539999999999779,-9.054868000002159
4.549999999999779,-8.956812500002185
4.5599999999997785,-8.857792000002203
4.569999999999778,-8.757803500002227
4.579999999999778,-8.656844000002252
4.589999999999778,-8.554910500002277
4.599999999999778,-8.452000000002297
4.609999999999777,-8.348109500002325
4.619999999999777,-8.243236000002348
4.629999999999777,-8.137376500002373
4.639999999999777,-8.030528000002395
4.6499999999997765,-7.92268750000242
4.659999999999776,-7.8138520000024485
4.669999999999776,-7.7040185000024675
4.679999999999776,-7.593184000002498
4.689999999999776,-7.48134550000252
4.6999999999997755,-7.368500000002548
4.709999999999775,-7.254644500002568
4.719999999999775,-7.139776000002595
4.729999999999775,-7.023891500002621
4.739999999999775,-6.906988000002642
4.749999999999774,-6.789062500002677
4.759999999999774,-6.6701120000026926
4.769999999999774,-6.550133500002724
4.779999999999774,-6.429124000002751
4.7899999999997736,-6.307080500002774
4.799999999999773,-6.184000000002801
4.809999999999773,-6.059879500002831
4.819999999999773,-5.934716000002851
4.829999999999773,-5.808506500002883
4.8399999999997725,-5.681248000002906
4.849999999999772,-5.552937500002935
4.859999999999772,-5.423572000002963
4.869999999999772,-5.2931485000029905
4.879999999999772,-5.161664000003018
4.889999999999771,-5.029115500003039
4.899999999999771,-4.895500000003068
4.909999999999771,-4.760814500003098
4.919999999999771,-4.625056000003131
4.929999999999771,-4.488221500003151
4.93999999999977,-4.3503080000031815
4.94999999999977,-4.211312500003208
4.95999999999977,-4.071232000003231
4.96999999999977,-3.930063500003259
4.9799999999997695,-3.787804000003291
4.989999999999769,-3.6444505000033143
4.999999999999769,-3.50000000000335
5.009999999999769,-3.354449500003378
5.019999999999769,-3.2077960000034054
5.029999999999768,-3.0600365000034397
5.039999999999768,-2.9111680000034674
5.049999999999768,-2.761187500003489
5.059999999999768,-2.610092000003519
5.069999999999768,-2.4578785000035506
5.079999999999767,-2.3045440000035775
5.089999999999767,-2.1500855000036143
5.099999999999767,-1.994500000003633
5.109999999999767,-1.8377845000036697
5.1199999999997665,-1.6799360000037034
5.129999999999766,-1.5209515000037275
5.139999999999766,-1.3608280000037567
5.149999999999766,-1.1995625000037915
5.159999999999766,-1.0371520000038181
5.1699999999997654,-0.8735935000038584
5.179999999999765,-0.7088840000038701
5.189999999999765,-0.5430205000039106
5.199999999999765,-0.37600000000393763
5.209999999999765,-0.20781950000396598
5.219999999999764,-0.0384760000040103
5.229999999999764,0.13203349999596448
5.239999999999764,0.30371199999593657
5.249999999999764,0.4765624999959055
5.2599999999997635,0.6505879999958637
5.269999999999763,0.825791499995832
5.279999999999763,1.0021759999958029
5.289999999999763,1.179744499995783
5.299999999999763,1.3584999999957432
5.3099999999997625,1.5384454999957118
5.319999999999762,1.7195839999956881
5.329999999999762,1.9019184999956504
5.339999999999762,2.0854519999956125
5.349999999999762,2.270187499995579
5.359999999999761,2.456127999995541
5.369999999999761,2.6432764999955154
5.379999999999761,2.831635999995477
5.389999999999761,3.02120949999545
5.3999999999997605,3.2119999999954167
5.40999999999976,3.404010499995387
5.41999999999976,3.5972439999953494
5.42999999999976,3.7917034999953145
5.43999999999976,3.9873919999952925
5.4499999999997595,4.184312499995251
5.459999999999759,4.382467999995221
5.469999999999759,4.581861499995185
5.479999999999759,4.782495999995145
5.489999999999759,4.98437449999512
5.499999999999758,5.187499999995083
5.509999999999758,5.391875499995045
5.519999999999758,5.597503999995009
5.529999999999758,5.804388499994978
5.539999999999758,6.012531999994941
5.549999999999757,6.221937499994908
5.559999999999757,6.432607999994875
5.569999999999757,6.6445464999948385
5.579999999999757,6.857755999994801
5.5899999999997565,7.072239499994758
5.599999999999756,7.287999999994728
5.609999999999756,7.505040499994699
5.619999999999756,7.72336399999466
5.629999999999756,7.942973499994615
5.639999999999755,8.163871999994573
5.649999999999755,8.386062499994537
5.659999999999755,8.609547999994518
5.669999999999755,8.834331499994477
5.679999999999755,9.060415999994436
5.689999999999754,9.287804499994401
5.699999999999754,9.516499999994359
5.709999999999754,9.74650549999432
5.719999999999754,9.977823999994282
5.7299999999997535,10.21045849999426
5.739999999999753,10.444411999994216
5.749999999999753,10.679687499994174
5.759999999999753,10.916287999994129
5.769999999999753,11.1542164999941
5.7799999999997524,11.39347599999406
5.789999999999752,11.63406949999402
5.799999999999752,11.87599999999399
5.809999999999752,12.119270499993945
5.819999999999752,12.363883999993917
5.829999999999751,12.609843499993858
5.839999999999751,12.857151999993821
5.849999999999751,13.105812499993796
5.859999999999751,13.355827999993757
5.8699999999997505,13.607201499993714
5.87999999999975,13.859935999993677
5.88999999999975,14.114034499993636
5.89999999999975,14.369499999993593
5.90999999999975,14.626335499993559
5.9199999999997495,14.884543999993515
5.929999999999749,15.144128499993478
5.939999999999749,15.405091999993438
5.949999999999749,15.66743749999339
5.959999999999749,15.93116799999336
5.969999999999748,16.196286499993306
5.979999999999748,16.46279599999326
5.989999999999748,16.730699499993236
5.999999999999748,16.999999999993182
6.0099999999997475,17.270700499993147
6.019999999999747,17.542803999993104
6.029999999999747,17.816313499993065
6.039999999999747,18.091231999993024
6.049999999999747,18.367562499992985
6.0599999999997465,18.645307999992937
6.069999999999746,18.924471499992904
6.079999999999746,19.20505599999287
6.089999999999746,19.48706449999282
6.099999999999746,19.770499999992772
6.109999999999745,20.055365499992725
6.119999999999745,20.341663999992686
6.129999999999745,20.629398499992647
6.139999999999745,20.918571999992608
6.149999999999745,21.209187499992552
6.159999999999744,21.50124799999252
6.169999999999744,21.794756499992467
6.179999999999744,22.08971599999243
6.189999999999744,22.38612949999237
6.1999999999997435,22.683999999992334
6.209999999999743,22.98333049999229
6.219999999999743,23.284123999992246
6.229999999999743,23.58638349999221
6.239999999999743,23.89011199999216
6.249999999999742,24.19531249999212
6.259999999999742,24.501987999992075
6.269999999999742,24.81014149999202
6.279999999999742,25.119775999991997
6.289999999999742,25.430894499991936
6.299999999999741,25.743499999991897
6.309999999999741,26.057595499991848
6.319999999999741,26.373183999991813
6.329999999999741,26.690268499991767
6.3399999999997405,27.008851999991712
6.34999999999974,27.328937499991675
6.35999999999974,27.65052799999162
6.36999999999974,27.973626499991582
6.37999999999974,28.298235999991533
6.389999999999739,28.62435949999147
6.399999999999739,28.951999999991433
6.409999999999739,29.281160499991394
6.419999999999739,29.611843999991343
6.429999999999739,29.944053499991277
6.439999999999738,30.277791999991248
6.449999999999738,30.613062499991187
6.459999999999738,30.94986799999117
6.469999999999738,31.288211499991107
6.4799999999997375,31.62809599999106
6.489999999999737,31.969524499991003
6.499999999999737,32.31249999999097
6.509999999999737,32.6570254999909
6.519999999999737,33.003103999990884
6.5299999999997365,33.35073849999081
6.539999999999736,33.69993199999075
6.549999999999736,34.05068749999073
6.559999999999736,34.40300799999066
6.569999999999736,34.756896499990624
6.579999999999735,35.11235599999056
6.589999999999735,35.469389499990505
6.599999999999735,35.82799999999048
6.609999999999735,36.18819049999044
6.6199999999997345,36.54996399999037
6.629999999999734,36.91332349999031
6.639999999999734,37.27827199999028
6.649999999999734,37.644812499990245
6.659999999999734,38.01294799999017
6.6699999999997335,38.382681499990134
6.679999999999733,38.754015999990074
6.689999999999733,39.12695449999002
6.699999999999733,39.50149999998996
6.709999999999733,39.87765549998991
6.719999999999732,40.25542399998986
6.729999999999732,40.63480849998982
6.739999999999732,41.01581199998976
6.749999999999732,41.39843749998972
6.759999999999732,41.782687999989676
6.769999999999731,42.16856649998962
6.779999999999731,42.55607599998956
6.789999999999731,42.94521949998952
6.799999999999731,43.33599999998947
6.8099999999997305,43.72842049998942
6.81999999999973,44.12248399998935
6.82999999999973,44.51819349998929
6.83999999999973,44.91555199998925
6.84999999999973,45.31456249998918
6.859999999999729,45.715227999989125
6.869999999999729,46.11755149998908
6.879999999999729,46.52153599998901
6.889999999999729,46.92718449998899
6.899999999999729,47.33449999998893
6.909999999999728,47.74348549998887
6.919999999999728,48.15414399998883
6.929999999999728,48.56647849998876
6.939999999999728,48.9804919999887
6.9499999999997275,49.39618749998864
6.959999999999727,49.81356799998858
6.969999999999727,50.23263649998854
6.979999999999727,50.65339599998847
6.989999999999727,51.07584949998843
6.999999999999726,51.49999999998839
7.009999999999726,51.92585049998833
7.019999999999726,52.35340399998826
7.029999999999726,52.7826634999882
7.039999999999726,53.213631999988166
7.049999999999725,53.646312499988106
7.059999999999725,54.08070799998804
7.069999999999725,54.51682149998799
7.079999999999725,54.95465599998792
7.0899999999997245,55.394214499987854
7.099999999999724,55.83549999998782
7.109999999999724,56.27851549998776
7.119999999999724,56.72326399998771
7.129999999999724,57.16974849998764
7.1399999999997235,57.61797199998758
7.149999999999723,58.06793749998753
7.159999999999723,58.51964799998747
7.169999999999723,58.97310649998741
7.179999999999723,59.42831599998733
7.189999999999722,59.88527949998729
7.199999999999722,60.34399999998723
7.209999999999722,60.80448049998717
7.219999999999722,61.2667239999871
7.2299999999997215,61.73073349998706
7.239999999999721,62.196511999986996
7.249999999999721,62.664062499986926
7.259999999999721,63.13338799998688
7.269999999999721,63.60449149998682
7.2799999999997205,64.07737599998674
7.28999999999972,64.55204449998669
7.29999999999972,65.02849999998665
7.30999999999972,65.50674549998658
7.31999999999972,65.98678399998651
7.329999999999719,66.46861849998646
7.339999999999719,66.95225199998639
7.349999999999719,67.43768749998632
7.359999999999719,67.92492799998628
7.3699999999997186,68.4139764999862
7.379999999999718,68.90483599998615
7.389999999999718,69.39750949998609
7.399999999999718,69.89199999998603
7.409999999999718,70.38831049998595
7.4199999999997175,70.8864439999859
7.429999999999717,71.38640349998585
7.439999999999717,71.88819199998579
7.449999999999717,72.39181249998569
7.459999999999717,72.89726799998564
7.469999999999716,73.40456149998559
7.479999999999716,73.91369599998552
7.489999999999716,74.42467449998546
7.499999999999716,74.93749999998539
7.509999999999716,75.45217549998533
7.519999999999715,75.96870399998528
7.529999999999715,76.48708849998519
7.539999999999715,77.00733199998513
7.549999999999715,77.52943749998508
7.5599999999997145,78.05340799998501
7.569999999999714,78.57924649998495
7.579999999999714,79.10695599998489
7.589999999999714,79.6365394999848
7.599999999999714,80.16799999998474
7.609999999999713,80.7013404999847
7.619999999999713,81.23656399998464
7.629999999999713,81.77367349998457
7.639999999999713,82.3126719999845
7.649999999999713,82.85356249998443
7.659999999999712,83.39634799998437
7.669999999999712,83.94103149998429
7.679999999999712,84.48761599998423
7.689999999999712,85.03610449998416
7.6999999999997115,85.58649999998408
7.709999999999711,86.13880549998402
7.719999999999711,86.69302399998396
7.729999999999711,87.2491584999839
7.739999999999711,87.80721199998382
7.7499999999997105,88.36718749998376
7.75999999999971,88.92908799998371
7.76999999999971,89.49291649998364
7.77999999999971,90.05867599998356
7.78999999999971,90.62636949998347
7.799999999999709,91.19599999998341
7.809999999999709,91.76757049998334
7.819999999999709,92.3410839999833
7.829999999999709,92.9165434999832
7.8399999999997085,93.49395199998312
7.849999999999708,94.07331249998307
7.859999999999708,94.654627999983
7.869999999999708,95.23790149998291
7.879999999999708,95.82313599998287
7.8899999999997075,96.41033449998278
7.899999999999707,96.99949999998272
7.909999999999707,97.59063549998264
7.919999999999707,98.18374399998257
7.929999999999707,98.7788284999825
7.939999999999706,99.37589199998246
7.949999999999706,99.97493749998239
7.959999999999706,100.57596799998231
7.969999999999706,101.17898649998224
7.9799999999997056,101.78399599998215
7.989999999999705,102.39099949998209
7.999999999999705,102.99999999998201
8.009999999999705,103.61100049998194
8.019999999999705,104.22400399998187
8.029999999999704,104.8390134999818
8.039999999999704,105.4560319999817
8.049999999999704,106.07506249998166
8.059999999999704,106.69610799998158
8.069999999999704,107.31917149998146
8.079999999999703,107.9442559999814
8.089999999999703,108.57136449998137
8.099999999999703,109.20049999998133
8.109999999999703,109.83166549998123
8.119999999999703,110.46486399998113
8.129999999999702,111.10009849998107
8.139999999999702,111.73737199998101
8.149999999999702,112.3766874999809
8.159999999999702,113.01804799998084
8.169999999999702,113.66145649998077
8.179999999999701,114.3069159999807
8.189999999999701,114.95442949998059
8.1999999999997,115.60399999998056
8.2099999999997,116.25563049998048
8.2199999999997,116.90932399998037
8.2299999999997,117.5650834999803
8.2399999999997,118.22291199998021
8.2499999999997,118.88281249998019
8.2599999999997,119.54478799998009
8.2699999999997,120.20884149998
8.2799999999997,120.87497599997994
8.289999999999699,121.54319449997988
8.299999999999699,122.21349999997977
8.309999999999699,122.88589549997971
8.319999999999698,123.56038399997965
8.329999999999698,124.23696849997953
8.339999999999698,124.91565199997942
8.349999999999698,125.59643749997937
8.359999999999697,126.27932799997932
8.369999999999697,126.96432649997924
8.379999999999697,127.65143599997918
8.389999999999697,128.34065949997904
8.399999999999697,129.03199999997904
8.409999999999696,129.72546049997894
8.419999999999696,130.42104399997885
8.429999999999696,131.11875349997874
8.439999999999696,131.81859199997868
8.449999999999696,132.52056249997858
8.459999999999695,133.22466799997852
8.469999999999695,133.9309114999784
8.479999999999695,134.63929599997837
8.489999999999695,135.34982449997827
8.499999999999694,136.06249999997817
8.509999999999694,136.7773254999781
8.519999999999694,137.494303999978
8.529999999999694,138.21343849997794
8.539999999999694,138.93473199997783
8.549999999999693,139.65818749997777
8.559999999999693,140.3838079999777
8.569999999999693,141.11159649997762
8.579999999999693,141.84155599997757
8.589999999999693,142.57368949997746
8.599999999999692,143.30799999997737
8.609999999999692,144.04449049997731
8.619999999999692,144.7831639999772
8.629999999999692,145.5240234999771
8.639999999999691,146.26707199997708
8.649999999999691,147.01231249997696
8.659999999999691,147.75974799997684
8.66999999999969,148.50938149997677
8.67999999999969,149.2612159999767
8.68999999999969,150.0152544999766
8.69999999999969,150.77149999997653
8.70999999999969,151.5299554999765
8.71999999999969,152.2906239999764
8.72999999999969,153.05350849997632
8.73999999999969,153.8186119999762
8.74999999999969,154.58593749997613
8.759999999999689,155.35548799997602
8.769999999999689,156.12726649997597
8.779999999999688,156.90127599997587
8.789999999999688,157.6775194999758
8.799999999999688,158.4559999999757
8.809999999999688,159.23672049997558
8.819999999999688,160.0196839999755
8.829999999999687,160.8048934999754
8.839999999999687,161.5923519999753
8.849999999999687,162.38206249997523
8.859999999999687,163.17402799997518
8.869999999999687,163.96825149997505
8.879999999999686,164.764735999975
8.889999999999686,165.5634844999749
8.899999999999686,166.3644999999748
8.909999999999686,167.1677854999747
8.919999999999686,167.97334399997462
8.929999999999685,168.78117849997454
8.939999999999685,169.59129199997446
8.949999999999685,170.40368749997435
8.959999999999685,171.21836799997425
8.969999999999684,172.0353364999742
8.979999999999684,172.8545959999741
8.989999999999684,173.67614949997403
8.999999999999684,174.49999999997388
9.009999999999684,175.32615049997383
9.019999999999683,176.15460399997374
9.029999999999683,176.98536349997363
9.039999999999683,177.81843199997357
9.049999999999683,178.65381249997344
9.059999999999683,179.49150799997335
9.069999999999682,180.33152149997326
9.079999999999682,181.1738559999732
9.089999999999682,182.01851449997307
9.099999999999682,182.865499999973
9.109999999999681,183.7148154999729
9.119999999999681,184.56646399997285
9.129999999999681,185.4204484999727
9.13999999999968,186.27677199997262
9.14999999999968,187.1354374999725
9.15999999999968,187.99644799997245
9.16999999999968,188.85980649997236
9.17999999999968,189.72551599997223
9.18999999999968,190.59357949997218
9.19999999999968,191.46399999997206
9.20999999999968,192.33678049997198
9.21999999999968,193.2119239999719
9.229999999999679,194.0894334999718
9.239999999999679,194.96931199997172
9.249999999999678,195.8515624999716
9.259999999999678,196.73618799997152
9.269999999999678,197.6231914999714
9.279999999999678,198.51257599997132
9.289999999999678,199.40434449997122
9.299999999999677,200.2984999999711
9.309999999999677,201.195045499971
9.319999999999677,202.0939839999709
9.329999999999677,202.99531849997084
9.339999999999677,203.89905199997077
9.349999999999676,204.80518749997066
9.359999999999676,205.71372799997053
9.369999999999676,206.62467649997046
9.379999999999676,207.53803599997036
9.389999999999675,208.45380949997025
9.399999999999675,209.37199999997014
9.409999999999675,210.29261049997007
9.419999999999675,211.21564399996996
9.429999999999675,212.14110349996983
9.439999999999674,213.06899199996974
9.449999999999674,213.99931249996965
9.459999999999674,214.93206799996955
9.469999999999674,215.86726149996946
9.479999999999674,216.80489599996937
9.489999999999673,217.74497449996926
9.499999999999673,218.6874999999692
9.509999999999673,219.63247549996908
9.519999999999673,220.57990399996896
9.529999999999673,221.52978849996887
9.539999999999672,222.48213199996877
9.549999999999672,223.43693749996868
9.559999999999672,224.39420799996856
9.569999999999672,225.3539464999685
9.579999999999671,226.31615599996834
9.589999999999671,227.28083949996818
9.599999999999671,228.24799999996813
9.60999999999967,229.217640499968
9.61999999999967,230.18976399996794
9.62999999999967,231.16437349996784
9.63999999999967,232.14147199996776
9.64999999999967,233.1210624999676
9.65999999999967,234.10314799996752
9.66999999999967,235.08773149996745
9.67999999999967,236.07481599996737
9.689999999999669,237.0644044999672
9.699999999999669,238.05649999996712
9.709999999999669,239.051105499967
9.719999999999668,240.04822399996686
9.729999999999668,241.0478584999668
9.739999999999668,242.05001199996667
9.749999999999668,243.0546874999666
9.759999999999668,244.06188799996647
9.769999999999667,245.07161649996638
9.779999999999667,246.08387599996627
9.789999999999667,247.09866949996612
9.799999999999667,248.11599999996605
9.809999999999667,249.13587049996596
9.819999999999666,250.15828399996587
9.829999999999666,251.18324349996578
9.839999999999666,252.2107519999656
9.849999999999666,253.24081249996556
9.859999999999665,254.27342799996543
9.869999999999665,255.30860149996533
9.879999999999665,256.3463359999652
9.889999999999665,257.3866344999651
9.899999999999665,258.42949999996495
9.909999999999664,259.4749354999649
9.919999999999664,260.5229439999648
9.929999999999664,261.57352849996465
9.939999999999664,262.6266919999646
9.949999999999664,263.6824374999644
9.959999999999663,264.7407679999643
9.969999999999663,265.8016864999642
9.979999999999663,266.8651959999641
9.989999999999663,267.931299499964
9.999999999999662,268.99999999996385
